Index,Image_name,PSNR,SSIM
1,data_100.png,40.90834275,0.926993132
2,data_10015.png,40.24155269,0.919055641
3,data_10016.png,39.63967256,0.911268592
4,data_10017.png,39.25594273,0.910749197
5,data_10018.png,40.25017651,0.921731353
6,data_10019.png,41.14961211,0.928342938
7,data_10020.png,41.21065691,0.93053174
8,data_10021.png,40.84475142,0.927273929
9,data_10022.png,38.49429162,0.904364586
10,data_10023.png,37.73518398,0.891772747
11,data_10024.png,40.04824562,0.917690754
12,data_10025.png,40.12242397,0.920337558
13,data_10026.png,41.42570258,0.933388114
14,data_10027.png,41.36043746,0.931425929
15,data_10028.png,40.25742285,0.92408818
16,data_10029.png,40.29606441,0.918393075
17,data_10030.png,39.71291753,0.910696507
18,data_10031.png,37.64158576,0.885729313
19,data_10032.png,40.55529284,0.927967668
20,data_10033.png,40.99499427,0.93486774
21,data_101.png,40.64245294,0.923715353
22,data_102.png,41.25575006,0.927603126
23,data_103.png,40.72236143,0.924256027
24,data_104.png,40.7996741,0.922503829
25,data_10421.png,38.77926082,0.904892623
26,data_10422.png,39.41153504,0.914925575
27,data_10423.png,40.61186479,0.923687339
28,data_10424.png,41.66137095,0.935692668
29,data_10425.png,41.26048892,0.932302833
30,data_10426.png,40.77359352,0.927362561
31,data_10427.png,40.90659038,0.929057777
32,data_10428.png,39.78023419,0.917623699
33,data_10429.png,39.13463868,0.910256088
34,data_10430.png,41.49944857,0.933479726
35,data_10431.png,41.38906897,0.931304574
36,data_10432.png,42.11387918,0.93827337
37,data_10433.png,41.40186308,0.933510959
38,data_10434.png,41.72832429,0.934114933
39,data_10435.png,41.22886775,0.927078009
40,data_10436.png,39.00221118,0.9060359
41,data_10437.png,40.23970009,0.915176749
42,data_10438.png,41.11077334,0.929171264
43,data_10439.png,41.38533572,0.933203101
44,data_10440.png,41.47609608,0.932781696
45,data_10441.png,41.04428391,0.927090347
46,data_10483.png,38.65559067,0.890353441
47,data_10484.png,38.76217841,0.898583293
48,data_10485.png,39.99909187,0.918946445
49,data_10486.png,40.56670706,0.922803342
50,data_10487.png,38.33122262,0.894387603
51,data_10488.png,39.49329626,0.911266983
52,data_10489.png,39.20646936,0.907358825
53,data_10490.png,39.21533767,0.909462452
54,data_10491.png,38.6737362,0.906400859
55,data_10492.png,40.80297743,0.925356984
56,data_10493.png,40.37758388,0.923905075
57,data_10494.png,39.45261383,0.91026783
58,data_10495.png,39.61342892,0.91424197
59,data_10548.png,41.31535807,0.931372643
60,data_10549.png,41.1535174,0.928664863
61,data_10550.png,38.70030014,0.906953692
62,data_10551.png,39.7016475,0.913756609
63,data_10552.png,42.14182681,0.937723756
64,data_10553.png,41.10478308,0.929327011
65,data_10554.png,40.81669284,0.923038125
66,data_10555.png,41.11224368,0.927781045
67,data_10556.png,40.57397959,0.921779275
68,data_10557.png,41.1493413,0.928380847
69,data_10558.png,40.99480944,0.92784518
70,data_10559.png,41.43486198,0.934670448
71,data_10560.png,41.92556619,0.936750412
72,data_10561.png,39.92187321,0.919490278
73,data_10562.png,39.11413356,0.902279079
74,data_10563.png,41.57255348,0.933264375
75,data_10564.png,41.42177142,0.932770848
76,data_10565.png,39.18737133,0.911019802
77,data_10566.png,41.28052517,0.935655296
78,data_10567.png,42.14112927,0.938834846
79,data_10568.png,41.60322601,0.931313038
80,data_10569.png,41.19926222,0.930027723
81,data_10570.png,41.52568618,0.932746589
82,data_10571.png,40.36094641,0.926016033
83,data_10572.png,40.19287405,0.926334798
84,data_10573.png,39.80980225,0.918225467
85,data_10574.png,40.74891583,0.929980278
86,data_10575.png,39.91891989,0.915946007
87,data_10576.png,39.80993828,0.918535888
88,data_10577.png,40.47294,0.925282359
89,data_10578.png,39.98583053,0.921615541
90,data_10579.png,39.82360642,0.921090305
91,data_10580.png,41.13982989,0.932232082
92,data_10581.png,40.94682078,0.931325138
93,data_10582.png,40.28754402,0.91954869
94,data_10583.png,39.6570947,0.916140199
95,data_10584.png,39.99544855,0.924367905
96,data_10585.png,38.89095917,0.910909355
97,data_10586.png,38.48086355,0.91186589
98,data_10587.png,40.52648372,0.927649379
99,data_10588.png,39.10618752,0.918008506
100,data_10589.png,38.20774215,0.898619354
101,data_10590.png,39.26237209,0.912180901
102,data_10591.png,38.7834019,0.912620008
103,data_10592.png,37.42664961,0.890746117
104,data_10593.png,39.87918261,0.918862343
105,data_10594.png,40.26259398,0.925672174
106,data_10595.png,39.92646831,0.924756765
107,data_10596.png,39.93648753,0.91704011
108,data_10597.png,39.4516886,0.915067196
109,data_10598.png,39.77962741,0.921371877
110,data_10599.png,36.80563051,0.872120798
111,data_10600.png,37.44913888,0.892683685
112,data_10601.png,39.29452055,0.91539067
113,data_10602.png,40.56800484,0.925882518
114,data_10603.png,39.48939353,0.915255249
115,data_10604.png,39.09202281,0.909517765
116,data_10605.png,39.87141781,0.920019329
117,data_10606.png,40.4804163,0.919377208
118,data_10607.png,40.49919935,0.917690754
119,data_10608.png,40.38497916,0.914376259
120,data_10609.png,39.82460056,0.909779012
121,data_10610.png,39.19217568,0.899614573
122,data_10611.png,39.4276184,0.902903676
123,data_10612.png,39.09717889,0.895750463
124,data_10613.png,40.26465832,0.915695846
125,data_10614.png,40.42357979,0.918405294
126,data_10615.png,40.16317707,0.912031651
127,data_10616.png,39.55087938,0.904822707
128,data_10617.png,39.04155224,0.896541774
129,data_10618.png,38.75593824,0.892455697
130,data_10619.png,38.80397564,0.893518806
131,data_10620.png,40.15851427,0.917184055
132,data_10621.png,40.46467651,0.920014322
133,data_10622.png,39.79055249,0.911600292
134,data_10623.png,39.64413132,0.907636523
135,data_10624.png,39.33190701,0.901388109
136,data_10625.png,39.17475764,0.89866221
137,data_10626.png,38.70520721,0.891005397
138,data_10627.png,40.82460993,0.922048807
139,data_1107.png,37.47695812,0.878748417
140,data_1108.png,38.8265945,0.892495155
141,data_1109.png,39.46042493,0.904842496
142,data_1110.png,38.93583006,0.897900462
143,data_1111.png,39.47810715,0.90339011
144,data_1112.png,39.3085669,0.903300226
145,data_1113.png,39.52909733,0.907762945
146,data_1114.png,37.88292307,0.883656025
147,data_1115.png,39.44102633,0.901422679
148,data_1116.png,39.55274898,0.904205501
149,data_1117.png,39.04075044,0.900880933
150,data_1118.png,39.30114417,0.903036773
151,data_1119.png,39.64154579,0.908764541
152,data_1120.png,39.98184345,0.913241088
153,data_1121.png,39.41722178,0.913270652
154,data_1122.png,39.22856271,0.90950191
155,data_1123.png,39.1253943,0.906730533
156,data_1124.png,38.44181225,0.897868395
157,data_1125.png,37.04852422,0.878860474
158,data_1126.png,38.47666479,0.894987822
159,data_1127.png,37.13314586,0.883880556
160,data_1128.png,39.25248923,0.912534177
161,data_1129.png,38.73249427,0.905944049
162,data_1130.png,39.33845957,0.911989808
163,data_1131.png,38.11599713,0.895501077
164,data_1132.png,36.45484923,0.866780937
165,data_1133.png,37.13179892,0.880774438
166,data_1134.png,37.89024186,0.885248184
167,data_1135.png,39.3370463,0.907744825
168,data_1136.png,39.14363252,0.905889988
169,data_1137.png,38.71701833,0.897905588
170,data_1138.png,38.7867136,0.899254024
171,data_1139.png,37.42252211,0.87801975
172,data_1140.png,36.08079595,0.862682223
173,data_1141.png,37.03350666,0.864719093
174,data_1142.png,40.07526248,0.918801963
175,data_1143.png,40.23595235,0.925416648
176,data_1144.png,39.23379128,0.916188359
177,data_1145.png,39.02468797,0.911134422
178,data_1146.png,38.58032959,0.902000606
179,data_1147.png,38.30798608,0.90007937
180,data_1148.png,38.26670814,0.89431113
181,data_11484.png,38.83617829,0.902518153
182,data_11485.png,36.17373587,0.849934816
183,data_11486.png,34.81901809,0.838054836
184,data_11487.png,37.18672315,0.873388171
185,data_11488.png,39.11839665,0.91426456
186,data_11489.png,39.2994785,0.912401378
187,data_1149.png,36.98132289,0.889797866
188,data_11490.png,37.58321868,0.892819166
189,data_11491.png,38.15424806,0.898963809
190,data_11492.png,35.87643726,0.854348183
191,data_11493.png,36.96570954,0.868440866
192,data_11494.png,36.34174084,0.850047767
193,data_11495.png,38.397264,0.902848125
194,data_11496.png,38.76149227,0.908484876
195,data_11497.png,39.01746725,0.905924737
196,data_11498.png,39.8083145,0.912684917
197,data_11499.png,37.58883519,0.880021811
198,data_1150.png,41.39258605,0.939448714
199,data_11500.png,37.2970935,0.876615226
200,data_11501.png,36.83241894,0.861020744
201,data_11502.png,39.53921335,0.919342875
202,data_11503.png,38.6314888,0.904614389
203,data_11504.png,37.57988534,0.892030835
204,data_11505.png,38.98034534,0.909321904
205,data_11506.png,38.09737642,0.890719831
206,data_11507.png,38.84698752,0.900919795
207,data_11508.png,38.22667023,0.892528236
208,data_11509.png,39.32749451,0.922655463
209,data_1151.png,39.70427242,0.927994728
210,data_11510.png,39.46573869,0.910959005
211,data_11511.png,38.26709563,0.901284814
212,data_11512.png,38.39169334,0.901238441
213,data_11513.png,37.34041148,0.885816216
214,data_11514.png,37.81510089,0.894041002
215,data_11515.png,38.1988316,0.896975398
216,data_11516.png,41.81794868,0.936834455
217,data_11517.png,41.92031152,0.937830389
218,data_11518.png,42.00054873,0.937013388
219,data_11519.png,40.98965833,0.930087268
220,data_1152.png,40.0814176,0.930328012
221,data_11520.png,41.00209991,0.925595939
222,data_11521.png,40.67460018,0.924859405
223,data_11522.png,41.40979838,0.930003345
224,data_11523.png,41.17346982,0.933233202
225,data_1153.png,39.33122682,0.919224441
226,data_1154.png,40.27086098,0.925519645
227,data_1155.png,40.24532166,0.919420898
228,data_11551.png,40.18997928,0.917175233
229,data_11552.png,38.61917055,0.898823738
230,data_11553.png,37.70974269,0.874608397
231,data_11554.png,36.61508213,0.851732731
232,data_11555.png,36.51546317,0.84891361
233,data_11556.png,37.75487035,0.878150463
234,data_11557.png,39.56239408,0.912188411
235,data_11558.png,40.44512544,0.927501678
236,data_11559.png,40.40573833,0.922859311
237,data_1156.png,42.20369632,0.939857841
238,data_11560.png,39.13302155,0.904250622
239,data_11561.png,37.61613527,0.874492288
240,data_11562.png,38.13060728,0.885781944
241,data_11563.png,39.49226096,0.908741951
242,data_11564.png,40.2718443,0.926191986
243,data_11565.png,41.08121226,0.931914687
244,data_11566.png,40.90668848,0.931318223
245,data_11567.png,40.31236496,0.923659444
246,data_11568.png,38.9044378,0.903656125
247,data_11569.png,38.62314881,0.904459476
248,data_1157.png,41.17671334,0.932260394
249,data_11570.png,40.63137826,0.924649
250,data_11571.png,39.66153149,0.923645854
251,data_11572.png,41.16579209,0.93557632
252,data_1158.png,41.84957184,0.937565506
253,data_1159.png,41.18801951,0.93787545
254,data_1160.png,40.42986706,0.928453326
255,data_1161.png,41.60907022,0.938602805
256,data_1162.png,39.26912819,0.918921232
257,data_1163.png,41.83337419,0.946504951
258,data_1164.png,42.23559566,0.947358549
259,data_1165.png,43.33186941,0.95036304
260,data_1166.png,42.60117386,0.946978092
261,data_1167.png,40.9190402,0.928466797
262,data_1168.png,40.61376927,0.926117778
263,data_1169.png,40.53356019,0.92533493
264,data_1170.png,43.38050593,0.956854582
265,data_1171.png,42.48376779,0.946504235
266,data_1172.png,42.6717613,0.948366582
267,data_1173.png,40.26217197,0.930176437
268,data_11952.png,40.24591764,0.919185996
269,data_11953.png,39.16645709,0.905817032
270,data_11954.png,39.31123465,0.903633296
271,data_11955.png,39.81873752,0.910861433
272,data_11956.png,39.52010743,0.90844506
273,data_11957.png,40.74387258,0.927436948
274,data_11958.png,41.11993825,0.927310407
275,data_11959.png,40.95274226,0.926360786
276,data_11960.png,40.58861303,0.924697638
277,data_11961.png,39.86851872,0.911965251
278,data_11962.png,38.93876415,0.903604448
279,data_11963.png,38.74400639,0.895031333
280,data_11964.png,41.4032682,0.931177497
281,data_12400.png,36.80627515,0.905804992
282,data_12401.png,37.15999347,0.914918303
283,data_12402.png,37.21763171,0.922503173
284,data_12403.png,36.80058998,0.91782558
285,data_12404.png,35.55132251,0.889826894
286,data_12405.png,36.99279244,0.913927078
287,data_12406.png,36.62788026,0.907709777
288,data_12407.png,35.02651157,0.868409991
289,data_12408.png,37.38056637,0.912944198
290,data_12409.png,36.89868955,0.917934597
291,data_12410.png,36.4978057,0.919767261
292,data_12411.png,37.4688491,0.933433533
293,data_12412.png,35.61364017,0.888782501
294,data_12413.png,35.78416548,0.885691166
295,data_12414.png,35.25187116,0.885524213
296,data_12415.png,35.9660539,0.896844506
297,data_12416.png,37.30944639,0.931981087
298,data_12417.png,39.16707932,0.957500696
299,data_12418.png,37.95104857,0.949307084
300,data_12419.png,38.97556704,0.945008159
301,data_12420.png,36.21515695,0.899229765
302,data_12421.png,38.10956292,0.938395858
303,data_12422.png,36.49568868,0.914732635
304,data_12423.png,36.71141689,0.924880028
305,data_12424.png,38.82148174,0.952235699
306,data_12425.png,37.10773339,0.936577678
307,data_12426.png,40.93989902,0.930572927
308,data_12427.png,40.63693689,0.930843234
309,data_12428.png,40.52808014,0.930026233
310,data_12429.png,40.5854542,0.931573093
311,data_12430.png,40.24231645,0.920305192
312,data_12431.png,39.05112965,0.907326579
313,data_12432.png,37.21957019,0.882543981
314,data_12433.png,39.35655287,0.91081965
315,data_12434.png,41.0848495,0.93408215
316,data_12435.png,41.47396801,0.935990334
317,data_12436.png,40.01659106,0.923369884
318,data_12437.png,40.0885652,0.919519424
319,data_12438.png,40.92234352,0.927247703
320,data_12439.png,39.10824277,0.907221198
321,data_12503.png,40.28645268,0.916226387
322,data_12504.png,40.47661192,0.924505889
323,data_12505.png,39.54864995,0.909984589
324,data_12506.png,39.50504904,0.909460425
325,data_12507.png,36.96923071,0.864840627
326,data_12508.png,38.54658715,0.89217186
327,data_12509.png,38.37025164,0.890156448
328,data_12510.png,40.50749784,0.923003197
329,data_12511.png,41.04644292,0.928640783
330,data_12512.png,38.19144762,0.896291614
331,data_12513.png,40.3756126,0.92064184
332,data_12514.png,39.53752143,0.90773201
333,data_12515.png,39.2136235,0.902784288
334,data_12516.png,38.96289229,0.897406578
335,data_12517.png,40.61998075,0.921077609
336,data_12518.png,40.81612563,0.925464094
337,data_12519.png,41.54044302,0.936861515
338,data_12520.png,41.00353176,0.928447664
339,data_12521.png,40.38021253,0.918881118
340,data_12522.png,39.11400926,0.902545452
341,data_12523.png,40.00475894,0.914327323
342,data_12524.png,39.84796115,0.915417552
343,data_12525.png,38.59986199,0.898372114
344,data_12526.png,40.30582765,0.923560321
345,data_12527.png,40.30268881,0.921521664
346,data_12528.png,38.87886574,0.899963737
347,data_12529.png,38.2064322,0.882118106
348,data_12530.png,39.03967285,0.899327636
349,data_12531.png,35.5772414,0.829022348
350,data_12532.png,36.47066153,0.854124188
351,data_12533.png,37.46576506,0.926859796
352,data_12534.png,38.73348194,0.933983803
353,data_12535.png,36.96060559,0.874343812
354,data_12536.png,34.83282858,0.809529722
355,data_12537.png,35.71922088,0.833735824
356,data_12538.png,36.53481461,0.860003352
357,data_12539.png,35.7313682,0.837149322
358,data_12540.png,36.71508795,0.870472431
359,data_12541.png,36.91364504,0.875205159
360,data_12542.png,34.95237287,0.820084453
361,data_12545.png,38.06867127,0.896445453
362,data_12546.png,36.80571723,0.860833824
363,data_12547.png,35.66138782,0.835003793
364,data_12548.png,35.42081372,0.82884258
365,data_12549.png,35.62871397,0.830000103
366,data_12550.png,36.77523369,0.867779374
367,data_12551.png,38.25360784,0.900842667
368,data_12552.png,39.62294219,0.920343757
369,data_12553.png,38.90073973,0.908089817
370,data_12554.png,37.59700888,0.879140854
371,data_12555.png,36.67207124,0.867688119
372,data_12556.png,37.04392514,0.875281513
373,data_12557.png,37.38639835,0.887763202
374,data_12558.png,38.12666059,0.89672935
375,data_12559.png,39.74367568,0.928929448
376,data_12560.png,39.94642873,0.926566601
377,data_12561.png,39.32240191,0.916133881
378,data_12562.png,39.86805356,0.917233109
379,data_12563.png,37.87071712,0.899884105
380,data_12564.png,38.79278625,0.912109375
381,data_12565.png,39.72597882,0.923501372
382,data_12597.png,33.97449496,0.8008461
383,data_12598.png,33.59186833,0.79818821
384,data_12599.png,33.53707502,0.794066906
385,data_12600.png,33.55718451,0.800149322
386,data_12601.png,40.63840242,0.926138759
387,data_12602.png,40.50045169,0.923905611
388,data_12603.png,41.04579627,0.927975059
389,data_12604.png,39.87630222,0.91509223
390,data_12605.png,38.46497968,0.893603981
391,data_12606.png,38.12073579,0.886157036
392,data_12607.png,39.13790577,0.900317132
393,data_12608.png,40.87314536,0.924957871
394,data_12609.png,40.70634792,0.924348831
395,data_12610.png,40.12108658,0.917888165
396,data_12611.png,39.40848744,0.911112428
397,data_12612.png,38.09102448,0.890335441
398,data_12613.png,37.56174609,0.878344893
399,data_12614.png,39.49168219,0.904675245
400,data_12615.png,40.35420982,0.920383394
401,data_12616.png,40.8554062,0.927677393
402,data_12617.png,38.91733628,0.903459251
403,data_12618.png,39.87847523,0.908729792
404,data_12619.png,38.67327167,0.894960999
405,data_12620.png,38.59289586,0.893161714
406,data_12621.png,39.18804119,0.9040851
407,data_12622.png,40.78174537,0.922051132
408,data_12623.png,40.90848072,0.926846504
409,data_12624.png,40.61662314,0.920247078
410,data_12625.png,39.46470016,0.902629972
411,data_12626.png,38.75163096,0.89259994
412,data_12627.png,38.57697613,0.892690063
413,data_12628.png,39.46589505,0.906274796
414,data_12629.png,39.98262149,0.912580669
415,data_12630.png,40.00338779,0.913548946
416,data_12631.png,40.13259529,0.911723316
417,data_12632.png,39.41626036,0.903570831
418,data_12633.png,39.4149867,0.904135942
419,data_12634.png,38.46015825,0.887740791
420,data_12635.png,39.11967201,0.900319219
421,data_12636.png,39.808623,0.925161362
422,data_12637.png,39.91461439,0.929461837
423,data_12638.png,40.64888765,0.934879661
424,data_12639.png,40.46978227,0.934587836
425,data_12640.png,37.05508286,0.880718231
426,data_12641.png,35.3604828,0.867473722
427,data_12642.png,36.89122477,0.871460557
428,data_12643.png,38.66376856,0.909712195
429,data_12644.png,38.59902499,0.917806745
430,data_12645.png,40.56210607,0.936930656
431,data_12646.png,40.79662104,0.938462138
432,data_12647.png,38.44635386,0.904895484
433,data_12648.png,36.76005596,0.872418821
434,data_12649.png,38.48215917,0.902111411
435,data_12650.png,38.41377498,0.890067697
436,data_12651.png,39.12515516,0.918749332
437,data_12652.png,39.98310902,0.932900906
438,data_12653.png,40.45899737,0.938009441
439,data_12654.png,38.00463306,0.903785408
440,data_12655.png,39.1430064,0.915952146
441,data_12656.png,39.33742572,0.925325096
442,data_12657.png,36.80305851,0.870935917
443,data_12658.png,39.99688587,0.918676078
444,data_12659.png,40.27801603,0.931517005
445,data_12660.png,40.49202307,0.936590791
446,data_12661.png,39.8357295,0.92463392
447,data_12662.png,40.59659434,0.930101633
448,data_12663.png,40.00071542,0.932106197
449,data_12664.png,36.06859466,0.862243772
450,data_12665.png,37.6966178,0.898576379
451,data_12666.png,40.106973,0.92605418
452,data_12667.png,38.43354915,0.911794603
453,data_12668.png,40.33805684,0.930023849
454,data_12669.png,38.79833366,0.916287601
455,data_12670.png,39.10587827,0.922527313
456,data_12671.png,40.51196967,0.927797198
457,data_12672.png,40.02409617,0.922111928
458,data_12673.png,39.93874033,0.921851516
459,data_12674.png,40.233976,0.918717742
460,data_12675.png,38.17654089,0.894191444
461,data_12676.png,39.51609077,0.909276485
462,data_12677.png,38.17628046,0.893606663
463,data_12678.png,40.84119878,0.92854023
464,data_12679.png,39.52921503,0.920499206
465,data_12680.png,40.09610678,0.920366704
466,data_12681.png,37.67448226,0.897045791
467,data_12737.png,40.92648628,0.925745368
468,data_12738.png,40.37010042,0.919206858
469,data_12739.png,40.97164306,0.92685926
470,data_12740.png,38.44843557,0.896829724
471,data_12741.png,37.00564801,0.877070904
472,data_12742.png,36.76459747,0.875105858
473,data_12743.png,37.99588183,0.889581859
474,data_12744.png,37.50554947,0.886187494
475,data_12745.png,38.21714313,0.897412241
476,data_12746.png,39.18542815,0.916478276
477,data_12747.png,40.15436712,0.934226513
478,data_12748.png,37.89497051,0.898526847
479,data_12749.png,37.98009684,0.892616391
480,data_12750.png,38.25492836,0.897429943
481,data_12751.png,37.8972252,0.891939044
482,data_12752.png,39.16960638,0.91154182
483,data_12753.png,38.04199284,0.894782901
484,data_12754.png,38.31908593,0.912253499
485,data_12755.png,37.13104607,0.89490509
486,data_12756.png,37.27658429,0.883472383
487,data_12757.png,38.49716343,0.903675437
488,data_12758.png,38.19815638,0.90236938
489,data_12759.png,39.19283152,0.911310673
490,data_12760.png,37.41763249,0.88839817
491,data_12761.png,37.48558137,0.893732071
492,data_12762.png,37.28704626,0.883669794
493,data_12763.png,37.99680954,0.890546083
494,data_12764.png,37.41724662,0.887819946
495,data_12765.png,38.20256187,0.904306591
496,data_12766.png,38.79949155,0.915335059
497,data_12767.png,38.61909944,0.907374144
498,data_12768.png,39.07438313,0.917854965
499,data_12769.png,36.31825999,0.855580807
500,data_12770.png,36.91842075,0.871011436
501,data_12771.png,37.99299045,0.900116086
502,data_12772.png,39.08245616,0.915019393
503,data_12773.png,38.20749448,0.906642139
504,data_12774.png,39.76777557,0.931005359
505,data_12775.png,40.7231816,0.935956955
506,data_12776.png,40.08185213,0.928559184
507,data_13263.png,40.44378812,0.920152307
508,data_13264.png,40.13603703,0.914422393
509,data_13265.png,39.57345257,0.907954335
510,data_13266.png,38.60588864,0.893474579
511,data_13267.png,38.78512988,0.900068462
512,data_13268.png,39.72585504,0.919307888
513,data_13269.png,41.37460158,0.936697185
514,data_13270.png,40.59418373,0.9239645
515,data_13271.png,40.52227013,0.920583248
516,data_13272.png,41.46484843,0.931807935
517,data_13273.png,36.26987639,0.848528326
518,data_13274.png,37.42890835,0.874130905
519,data_13275.png,40.22374276,0.916631937
520,data_13276.png,40.87533877,0.929493189
521,data_13277.png,40.6801125,0.924569488
522,data_13278.png,39.43096061,0.914856672
523,data_13279.png,40.58755812,0.926379204
524,data_13280.png,39.24600233,0.906122923
525,data_13281.png,39.8842909,0.913361073
526,data_13282.png,40.05574024,0.924638927
527,data_13283.png,41.52734691,0.935657263
528,data_13284.png,39.99289534,0.920319319
529,data_13285.png,40.16156329,0.924234092
530,data_13286.png,40.77441897,0.930783033
531,data_13287.png,40.91497313,0.929358363
532,data_13288.png,39.90260833,0.918512046
533,data_13289.png,40.19507883,0.920795441
534,data_13290.png,41.23869721,0.928489923
535,data_13291.png,40.13695149,0.918917358
536,data_13318.png,39.42436852,0.924593806
537,data_13319.png,39.23620852,0.915112674
538,data_13320.png,38.37848501,0.906398654
539,data_13321.png,37.58957035,0.897815943
540,data_13322.png,38.62340416,0.915153742
541,data_13323.png,39.71099461,0.928982198
542,data_13324.png,40.49978644,0.93726337
543,data_13325.png,40.91557876,0.936816871
544,data_13326.png,39.04151179,0.912312627
545,data_13327.png,39.10884892,0.91843307
546,data_13328.png,39.83525201,0.922554255
547,data_13329.png,40.45561259,0.940306902
548,data_13330.png,40.54168852,0.935797393
549,data_13331.png,41.70636695,0.944644809
550,data_13332.png,41.52358109,0.940161705
551,data_13333.png,39.28956443,0.918207049
552,data_13334.png,39.42727629,0.918746173
553,data_13335.png,39.71772134,0.924364746
554,data_13336.png,42.22715963,0.939324081
555,data_13337.png,40.98737055,0.929739356
556,data_13338.png,41.3176589,0.932153881
557,data_13339.png,41.3885718,0.935441434
558,data_13340.png,41.05006509,0.928967476
559,data_13341.png,41.1695157,0.932860494
560,data_13342.png,41.02757936,0.932359695
561,data_13343.png,41.86319033,0.937642992
562,data_13344.png,42.11685374,0.938503146
563,data_13345.png,41.77906295,0.937381446
564,data_13346.png,41.91005738,0.9382478
565,data_13607.png,39.62126824,0.910400569
566,data_13608.png,37.76956146,0.885337532
567,data_13609.png,41.11651659,0.927604198
568,data_13610.png,40.89999682,0.925958812
569,data_13611.png,40.23010184,0.921932459
570,data_13612.png,40.39098338,0.918828666
571,data_13613.png,38.80553604,0.901984096
572,data_13614.png,39.50019814,0.905955434
573,data_13615.png,37.7947336,0.880040526
574,data_13616.png,38.96772329,0.90880537
575,data_13617.png,39.22898363,0.913416862
576,data_13618.png,40.2027892,0.921550453
577,data_13619.png,40.7898229,0.924218833
578,data_13620.png,39.88242497,0.916233897
579,data_13621.png,39.36224668,0.912967563
580,data_13622.png,39.45123481,0.912327647
581,data_13623.png,39.13659488,0.91048187
582,data_13624.png,39.85586179,0.917377353
583,data_13625.png,40.49574172,0.923127115
584,data_13626.png,40.61093673,0.922935128
585,data_13627.png,39.55241989,0.910365701
586,data_13628.png,37.0434627,0.88021028
587,data_13629.png,39.87292822,0.915718675
588,data_13630.png,39.09615046,0.909896851
589,data_13631.png,40.17007484,0.917816579
590,data_13632.png,40.50346483,0.92430681
591,data_13633.png,40.26934054,0.921477318
592,data_13634.png,39.92138696,0.914158702
593,data_13635.png,39.62459977,0.912242651
594,data_13636.png,39.64973777,0.915091515
595,data_13637.png,38.79489255,0.908550143
596,data_13638.png,40.3911109,0.920230329
597,data_13639.png,39.85932355,0.91730094
598,data_13640.png,39.99570243,0.919138074
599,data_13641.png,39.2933649,0.912186086
600,data_13642.png,39.84647587,0.914649963
601,data_13643.png,40.04056536,0.918515563
602,data_13644.png,38.35055203,0.901183486
603,data_13645.png,39.96900214,0.917950988
604,data_13646.png,40.48178529,0.922008991
605,data_13647.png,40.21860741,0.918873906
606,data_13648.png,39.54688356,0.913263261
607,data_13649.png,40.43354832,0.919642389
608,data_13650.png,40.01709592,0.916526496
609,data_13651.png,40.75144507,0.928213775
610,data_13652.png,39.70183375,0.918334663
611,data_13653.png,40.19155291,0.914438486
612,data_13654.png,39.1603544,0.908408165
613,data_13655.png,39.4828447,0.909888923
614,data_13656.png,40.09225168,0.915915668
615,data_13657.png,40.75706706,0.924153507
616,data_13658.png,39.99556573,0.922309101
617,data_13659.png,39.73185511,0.913624465
618,data_13660.png,37.86482212,0.878628969
619,data_13661.png,38.33463464,0.885767639
620,data_13662.png,39.67574665,0.908029318
621,data_13663.png,39.30965936,0.905267358
622,data_13664.png,39.78876561,0.917541206
623,data_13665.png,39.21813031,0.912892699
624,data_13666.png,38.97338919,0.897763371
625,data_13667.png,36.25592408,0.865992725
626,data_13668.png,36.60229997,0.856954753
627,data_13669.png,38.37845513,0.888420463
628,data_13670.png,39.46662641,0.911681592
629,data_13671.png,40.43047243,0.920443714
630,data_13672.png,40.74614367,0.926488757
631,data_13818.png,41.34714704,0.932389677
632,data_13819.png,41.22248494,0.932530761
633,data_13820.png,42.07739818,0.939223647
634,data_13821.png,41.79532829,0.937869728
635,data_13822.png,41.34227363,0.934161901
636,data_13823.png,39.95144528,0.914617002
637,data_13824.png,37.69299204,0.885497272
638,data_13825.png,40.46515817,0.920143068
639,data_13826.png,43.33014126,0.953549743
640,data_13827.png,40.79118684,0.937464178
641,data_13828.png,41.91777275,0.945268095
642,data_13829.png,41.10627846,0.938508689
643,data_13830.png,40.42917823,0.931809604
644,data_13831.png,42.01647627,0.945444465
645,data_13832.png,42.6911254,0.947975159
646,data_13833.png,42.92135441,0.952194214
647,data_13834.png,42.85164924,0.952254951
648,data_13835.png,42.29311952,0.947340965
649,data_13866.png,39.33846846,0.920616984
650,data_13867.png,40.86382565,0.926349163
651,data_13868.png,42.30713788,0.943362236
652,data_13869.png,41.23162656,0.937989712
653,data_13985.png,39.78082661,0.917596221
654,data_13986.png,41.18044472,0.930859447
655,data_13987.png,40.9927174,0.93001318
656,data_13988.png,41.31546928,0.931450605
657,data_13989.png,41.81538229,0.934614539
658,data_13990.png,40.48565379,0.921984673
659,data_13991.png,40.23276539,0.916606367
660,data_13992.png,38.14488111,0.889379025
661,data_13993.png,37.85773018,0.887926579
662,data_13994.png,39.81752265,0.919624031
663,data_13995.png,39.57445513,0.912689686
664,data_13996.png,40.05718287,0.915160835
665,data_13997.png,38.03005024,0.878141105
666,data_13998.png,37.42835058,0.870178401
667,data_13999.png,39.03573316,0.89872092
668,data_14000.png,39.15815764,0.903597355
669,data_14154.png,43.51463339,0.956539154
670,data_14155.png,45.84037027,0.969924867
671,data_14156.png,43.35088322,0.961452663
672,data_14546.png,39.57342496,0.911724567
673,data_14547.png,38.56654944,0.904994428
674,data_14548.png,42.92417898,0.950550199
675,data_14549.png,43.57040978,0.953770339
676,data_14550.png,42.40388054,0.950426579
677,data_14551.png,41.19404047,0.935134113
678,data_14552.png,41.34658999,0.934331775
679,data_14553.png,41.34353662,0.934673786
680,data_14554.png,41.38614797,0.935333252
681,data_14555.png,42.43368152,0.949602008
682,data_14556.png,43.11289775,0.952920556
683,data_14557.png,42.27909591,0.950726748
684,data_14558.png,41.24669064,0.934376478
685,data_14559.png,41.93570805,0.936521947
686,data_14560.png,41.20620549,0.934386611
687,data_14561.png,43.1627683,0.950026989
688,data_14562.png,43.03671651,0.952554941
689,data_14563.png,43.01376233,0.952129066
690,data_14564.png,40.543084,0.942033708
691,data_14565.png,41.88056318,0.939590454
692,data_14566.png,41.40742716,0.935243309
693,data_14567.png,41.43349479,0.935458839
694,data_14568.png,41.44552804,0.946170747
695,data_14569.png,42.1635603,0.950130165
696,data_14570.png,41.54136894,0.94046849
697,data_14571.png,42.55520401,0.951746941
698,data_14572.png,41.34394529,0.936665058
699,data_14573.png,41.13879991,0.934380412
700,data_14574.png,40.31018142,0.934478939
701,data_14575.png,42.05145343,0.949489594
702,data_14576.png,43.01504025,0.950868607
703,data_14577.png,43.07177479,0.953502178
704,data_14578.png,41.91647608,0.949786305
705,data_14579.png,41.85313133,0.939377785
706,data_14580.png,40.01698101,0.921088457
707,data_14581.png,40.97111913,0.936792314
708,data_14582.png,42.9207414,0.952266872
709,data_14583.png,42.70629759,0.952288568
710,data_14584.png,42.34793365,0.952251375
711,data_14585.png,42.33134682,0.948719263
712,data_14914.png,41.22574228,0.941001892
713,data_14915.png,41.25491845,0.932148933
714,data_14916.png,41.25417564,0.93297714
715,data_14917.png,41.45371118,0.935029864
716,data_14918.png,42.70337636,0.94753325
717,data_14919.png,41.71533574,0.940186203
718,data_14920.png,39.45367016,0.921548009
719,data_14921.png,42.53207438,0.946461916
720,data_14922.png,42.02862277,0.940387189
721,data_14923.png,40.58751774,0.934915721
722,data_14924.png,41.3802726,0.938865542
723,data_14925.png,42.75562421,0.952362776
724,data_14926.png,41.92147953,0.941589534
725,data_14927.png,40.06411134,0.924428821
726,data_14928.png,43.01877823,0.953465164
727,data_14929.png,42.41960866,0.944931746
728,data_14930.png,42.80983581,0.947537124
729,data_14931.png,42.51304502,0.949436843
730,data_14932.png,43.34085911,0.952016056
731,data_14933.png,42.89705373,0.954535007
732,data_14934.png,42.43825898,0.952112556
733,data_14935.png,44.11339436,0.958665788
734,data_14936.png,42.51075077,0.948767662
735,data_14937.png,42.62489977,0.950414836
736,data_14938.png,43.10140719,0.953733146
737,data_14939.png,41.1248819,0.942579448
738,data_14940.png,43.53455524,0.955116928
739,data_14941.png,43.48052717,0.957790077
740,data_14942.png,43.16883998,0.958697796
741,data_14943.png,42.91388842,0.952068031
742,data_14944.png,41.74417957,0.946187377
743,data_14945.png,42.37993441,0.95303005
744,data_14946.png,40.89783101,0.933269501
745,data_14947.png,40.85387588,0.935360134
746,data_14948.png,42.29746017,0.943529546
747,data_14949.png,42.11407963,0.943325758
748,data_14950.png,41.19245963,0.93440479
749,data_14951.png,40.78717475,0.930868566
750,data_14952.png,41.0197501,0.93585062
751,data_14953.png,42.96267325,0.950407505
752,data_14970.png,41.49895787,0.947076678
753,data_14971.png,41.72974016,0.942849755
754,data_14972.png,43.27346879,0.951226115
755,data_14973.png,40.20232936,0.936837792
756,data_14974.png,43.48424132,0.9635517
757,data_14975.png,41.63257926,0.948790669
758,data_14976.png,43.10859816,0.954947472
759,data_14977.png,42.82039952,0.958094597
760,data_14978.png,43.56772332,0.953953445
761,data_14979.png,42.95982642,0.954262733
762,data_14980.png,43.47627995,0.954943359
763,data_14981.png,42.47036182,0.950983703
764,data_14982.png,41.88703383,0.948179424
765,data_14983.png,41.98860239,0.944608629
766,data_14984.png,40.3867681,0.931189418
767,data_14985.png,40.43735071,0.927959442
768,data_14986.png,40.82698821,0.930633783
769,data_14987.png,40.86317799,0.932988107
770,data_14988.png,42.23207507,0.953977346
771,data_14989.png,43.71812008,0.957406461
772,data_14990.png,42.15400892,0.949656487
773,data_14991.png,42.60730783,0.950398624
774,data_14992.png,41.38440984,0.940501809
775,data_14993.png,42.0492921,0.939985156
776,data_14994.png,42.07609493,0.941371322
777,data_14995.png,44.06413759,0.960073948
778,data_14996.png,43.85652732,0.956791818
779,data_14997.png,43.00248156,0.95419234
780,data_14998.png,43.4944642,0.954046905
781,data_14999.png,42.23367546,0.942852497
782,data_15000.png,41.96243077,0.941613913
783,data_15001.png,42.01594787,0.942623854
784,data_15002.png,43.54890172,0.959798753
785,data_15003.png,41.30713233,0.947514296
786,data_15004.png,43.24887936,0.954113185
787,data_15005.png,43.14375244,0.956171155
788,data_15006.png,41.36223727,0.943372428
789,data_15007.png,41.36246816,0.941713989
790,data_15008.png,42.4646718,0.946898937
791,data_15009.png,43.52437742,0.959055305
792,data_15434.png,46.96427894,0.977771938
793,data_15435.png,46.67679928,0.977531791
794,data_15436.png,45.65346381,0.96960485
795,data_15437.png,43.82664524,0.965264201
796,data_15438.png,44.52040531,0.964921832
797,data_15439.png,44.87973343,0.96762836
798,data_15440.png,45.14621234,0.97556293
799,data_15441.png,46.47711402,0.976053715
800,data_15442.png,47.40778864,0.980212212
801,data_15443.png,45.83908538,0.972314239
802,data_15444.png,41.91361433,0.943288028
803,data_15445.png,42.50220956,0.950511694
804,data_15446.png,45.94260655,0.971841931
805,data_15447.png,47.40727122,0.978459775
806,data_15448.png,45.65075749,0.977355003
807,data_15449.png,46.7602501,0.981697083
808,data_15450.png,46.26759268,0.972606361
809,data_15451.png,38.74716717,0.913205743
810,data_15452.png,39.60139813,0.922521591
811,data_15453.png,45.49461449,0.973088622
812,data_15454.png,46.74239101,0.981068015
813,data_15967.png,47.06972943,0.978927612
814,data_15968.png,45.80741487,0.973818302
815,data_15969.png,43.45120987,0.966564298
816,data_15970.png,44.31377587,0.961808085
817,data_15971.png,38.47506296,0.903129756
818,data_15972.png,41.79453745,0.945919216
819,data_15973.png,44.19012188,0.96923399
820,data_15974.png,45.4764714,0.976017177
821,data_15975.png,44.689508,0.97160542
822,data_15976.png,45.08923357,0.970144749
823,data_15977.png,45.51074899,0.968838394
824,data_15978.png,43.16734311,0.959694266
825,data_15979.png,43.10187646,0.966138244
826,data_15980.png,45.10737731,0.973676205
827,data_15981.png,45.64437606,0.976194382
828,data_15982.png,46.12590955,0.973481774
829,data_15983.png,46.48881332,0.97300148
830,data_15984.png,44.76371535,0.968944669
831,data_15985.png,45.29167835,0.96838969
832,data_15986.png,44.03232185,0.967985809
833,data_15987.png,42.83049956,0.968127906
834,data_15988.png,44.54924646,0.973635614
835,data_15989.png,46.15772647,0.973625541
836,data_16076.png,43.4409387,0.969736934
837,data_16077.png,47.95615153,0.980704188
838,data_16078.png,46.4851983,0.978962779
839,data_16079.png,45.83686665,0.978753328
840,data_16080.png,45.33400494,0.973691583
841,data_16081.png,44.88375527,0.969449937
842,data_16082.png,42.07775672,0.963166475
843,data_16083.png,43.4338405,0.970346689
844,data_16084.png,46.5204525,0.97994709
845,data_16085.png,47.99788131,0.981076002
846,data_16086.png,47.05731582,0.979118586
847,data_16087.png,46.49261022,0.973968863
848,data_16088.png,44.10129624,0.970373988
849,data_16089.png,45.481893,0.968957305
850,data_16090.png,45.38397081,0.973141193
851,data_16091.png,46.80589307,0.979831934
852,data_16092.png,45.90950886,0.97866267
853,data_16093.png,45.45457114,0.976978421
854,data_16094.png,43.38946129,0.968446732
855,data_16095.png,45.17421536,0.970486343
856,data_16096.png,44.79998236,0.967670798
857,data_16097.png,45.09055987,0.972137451
858,data_16098.png,45.01804023,0.974646926
859,data_16099.png,45.36771977,0.977140903
860,data_16100.png,46.53889779,0.978069663
861,data_16101.png,44.97341142,0.965290904
862,data_16102.png,44.26098609,0.963243008
863,data_16103.png,44.42091767,0.963360965
864,data_16104.png,43.6240405,0.962518096
865,data_16105.png,40.98020014,0.939158618
866,data_16106.png,42.89762788,0.9626472
867,data_16107.png,44.23815128,0.967743874
868,data_16108.png,42.6442903,0.958564699
869,data_16109.png,45.2432486,0.968089461
870,data_16110.png,41.52441686,0.95200491
871,data_16111.png,44.91337067,0.964731574
872,data_16112.png,44.87811245,0.966905236
873,data_16113.png,45.22157982,0.970137
874,data_16114.png,44.64665184,0.970266461
875,data_16115.png,42.73368548,0.961422682
876,data_16116.png,43.29182689,0.959800899
877,data_16117.png,42.03986763,0.954022288
878,data_16118.png,43.61064825,0.962869346
879,data_16119.png,44.4160607,0.96878618
880,data_16120.png,45.79511497,0.971465945
881,data_16121.png,46.23324534,0.972948551
882,data_16122.png,44.37817766,0.96336484
883,data_16123.png,41.49592174,0.949200749
884,data_16124.png,43.05124891,0.956997573
885,data_16125.png,43.93023554,0.964629352
886,data_16126.png,43.83224357,0.96550411
887,data_16127.png,46.48501462,0.973396719
888,data_16128.png,44.40487712,0.971792877
889,data_16129.png,43.36769521,0.965924621
890,data_16130.png,42.73602625,0.964383006
891,data_16131.png,44.74983207,0.965740561
892,data_16132.png,44.76047283,0.968984306
893,data_16133.png,45.24679534,0.969782531
894,data_17473.png,45.49104894,0.977535129
895,data_17474.png,45.85992828,0.977550209
896,data_17475.png,43.13746434,0.973299384
897,data_17476.png,46.05057789,0.976621151
898,data_17477.png,44.60842895,0.975690246
899,data_17478.png,43.5497712,0.956634462
900,data_17479.png,36.36252365,0.878787398
901,data_17480.png,43.99920889,0.978784978
902,data_17481.png,48.2983596,0.981660724
903,data_17482.png,43.18270572,0.970351219
904,data_17483.png,45.10266575,0.974052787
905,data_17484.png,44.97013923,0.974276066
906,data_17485.png,42.11783127,0.957480788
907,data_17486.png,43.68118514,0.957936406
908,data_17487.png,47.75975837,0.981699467
909,data_17488.png,47.58661311,0.979162693
910,data_17489.png,38.69555074,0.915377378
911,data_17490.png,43.55730034,0.960049152
912,data_17491.png,46.66532459,0.97962451
913,data_17492.png,42.91285667,0.963561058
914,data_2270.png,38.24498254,0.902687073
915,data_2271.png,36.1721117,0.871906161
916,data_2272.png,37.0675211,0.876164079
917,data_2273.png,36.43127431,0.866004348
918,data_2274.png,35.22478938,0.842986584
919,data_2275.png,36.21089421,0.873078942
920,data_2276.png,37.16946466,0.866000354
921,data_2277.png,36.92979725,0.863910079
922,data_2278.png,37.63318404,0.879058063
923,data_2279.png,36.36057397,0.855393887
924,data_2280.png,38.70170493,0.895950794
925,data_2281.png,39.31324259,0.904257476
926,data_2282.png,39.42581951,0.906155109
927,data_2283.png,34.28350003,0.785303593
928,data_2284.png,34.48152995,0.792267263
929,data_2285.png,36.25541684,0.834405422
930,data_2286.png,37.92157097,0.873980284
931,data_2287.png,38.18871063,0.885217607
932,data_2288.png,37.8428083,0.887530804
933,data_2289.png,38.022142,0.886354923
934,data_2290.png,38.32118582,0.903774023
935,data_2291.png,34.66886654,0.801262736
936,data_2292.png,34.15351951,0.775630891
937,data_2293.png,36.04144282,0.828942478
938,data_2294.png,37.32992803,0.863184333
939,data_2295.png,38.02693737,0.879572093
940,data_2296.png,37.71772696,0.879155993
941,data_2297.png,34.5123631,0.791791618
942,data_2298.png,34.50120877,0.788386822
943,data_2299.png,36.14268566,0.834794223
944,data_2300.png,37.63843647,0.871710062
945,data_2301.png,38.17802506,0.881070971
946,data_2302.png,37.95101322,0.876685739
947,data_2303.png,37.5489557,0.870914102
948,data_2304.png,37.96103418,0.874390781
949,data_2305.png,36.30045407,0.850992858
950,data_2306.png,37.53124705,0.882115841
951,data_2307.png,38.56788787,0.890479326
952,data_2308.png,37.85922393,0.876017272
953,data_2309.png,35.30439464,0.824067771
954,data_288.png,41.29369705,0.928275704
955,data_289.png,40.21648596,0.923519373
956,data_290.png,40.5443028,0.923015237
957,data_291.png,41.0175365,0.928774714
958,data_292.png,39.6170055,0.912589252
959,data_293.png,39.14036404,0.905076861
960,data_294.png,39.24814453,0.902834773
961,data_2943.png,40.26214123,0.922686756
962,data_2944.png,40.20909131,0.918635726
963,data_2945.png,40.33595842,0.921344638
964,data_2946.png,40.3811411,0.920547187
965,data_2947.png,40.38167174,0.9197191
966,data_2948.png,39.78588832,0.917519748
967,data_2949.png,40.79507445,0.924779594
968,data_295.png,40.66937132,0.922276378
969,data_2950.png,40.98253465,0.927624166
970,data_2951.png,41.01823938,0.930732906
971,data_2952.png,40.88511848,0.928721368
972,data_2953.png,40.36457071,0.920873523
973,data_2954.png,39.16385879,0.902665257
974,data_2955.png,41.35946067,0.930143058
975,data_2956.png,41.07939928,0.929686427
976,data_2957.png,40.86724417,0.926537633
977,data_2958.png,40.91758674,0.932801127
978,data_2959.png,40.63368181,0.924960136
979,data_296.png,39.7050437,0.913946331
980,data_2960.png,40.07102627,0.918138146
981,data_2961.png,40.55651569,0.92568469
982,data_297.png,40.65389094,0.922731102
983,data_3077.png,40.85718386,0.924567401
984,data_3078.png,39.92053827,0.915505588
985,data_3079.png,40.56937217,0.928204238
986,data_3080.png,41.83258969,0.936912179
987,data_3081.png,38.48219586,0.907400489
988,data_3082.png,40.57395246,0.929003239
989,data_3083.png,38.59625405,0.908812761
990,data_3084.png,39.64017619,0.915105522
991,data_3085.png,41.33144988,0.934589267
992,data_3086.png,40.64480986,0.926793039
993,data_3087.png,39.69475248,0.918769002
994,data_3088.png,40.92403093,0.928133667
995,data_3089.png,39.72375796,0.918761671
996,data_3090.png,39.91759398,0.921952128
997,data_3091.png,40.69338686,0.929322124
998,data_3092.png,41.44384028,0.935290515
999,data_3093.png,40.66551722,0.925462186
1000,data_3094.png,39.28917231,0.912920952
1001,data_3095.png,40.86729037,0.929548383
1002,data_333.png,40.3406711,0.919511199
1003,data_334.png,38.90968476,0.905009508
1004,data_335.png,39.42312534,0.90927422
1005,data_336.png,40.44488083,0.919982612
1006,data_337.png,39.12394524,0.906198204
1007,data_338.png,40.12747534,0.917232633
1008,data_339.png,40.10964159,0.91846323
1009,data_340.png,40.36030589,0.919707179
1010,data_341.png,39.97549429,0.910578728
1011,data_342.png,39.95753717,0.912025452
1012,data_3420.png,38.77111877,0.9072721
1013,data_3421.png,39.74302283,0.916811943
1014,data_3422.png,40.09216864,0.917135179
1015,data_3423.png,39.80210007,0.916141272
1016,data_3424.png,37.91946756,0.892355382
1017,data_3425.png,37.66883585,0.889107943
1018,data_3426.png,40.69537591,0.924109161
1019,data_3427.png,40.40422768,0.923311472
1020,data_3428.png,39.36009371,0.912188053
1021,data_3429.png,38.82477788,0.910167456
1022,data_343.png,40.14361815,0.915103793
1023,data_3430.png,39.64315623,0.912892997
1024,data_3431.png,42.05374823,0.939048767
1025,data_3432.png,41.6794463,0.936220884
1026,data_3433.png,41.74101933,0.935589433
1027,data_3434.png,41.49412328,0.935579658
1028,data_3435.png,41.79236844,0.934855223
1029,data_3436.png,40.80564838,0.928745866
1030,data_3437.png,41.49085631,0.932084441
1031,data_3438.png,41.84963611,0.937382877
1032,data_3439.png,41.79795337,0.937394559
1033,data_344.png,40.62993237,0.920269966
1034,data_3440.png,39.94393504,0.919449985
1035,data_3441.png,41.80596321,0.935795724
1036,data_3442.png,41.34751526,0.930296898
1037,data_3443.png,41.01382329,0.928105593
1038,data_3444.png,41.08291343,0.926901817
1039,data_3445.png,42.10407254,0.939430475
1040,data_3446.png,42.27071538,0.939497411
1041,data_3447.png,40.96942312,0.927649498
1042,data_3448.png,41.85196472,0.936233044
1043,data_3449.png,41.28174657,0.930398464
1044,data_345.png,40.2386645,0.918842196
1045,data_3450.png,40.38613527,0.922344446
1046,data_3451.png,38.35254225,0.893932939
1047,data_346.png,40.51308984,0.921197414
1048,data_347.png,40.67947204,0.923539639
1049,data_348.png,39.45739319,0.907626867
1050,data_349.png,39.64610201,0.90852344
1051,data_350.png,40.03114159,0.914458692
1052,data_351.png,37.23746443,0.859213769
1053,data_352.png,37.03210537,0.85811758
1054,data_353.png,37.63675336,0.873231769
1055,data_354.png,38.11111176,0.8797611
1056,data_355.png,38.66970724,0.887593746
1057,data_3556.png,40.07573639,0.91428411
1058,data_3557.png,39.93720962,0.908317685
1059,data_3558.png,39.48379102,0.90628165
1060,data_3559.png,39.49226382,0.908528328
1061,data_356.png,39.46632381,0.90368861
1062,data_3560.png,39.68969952,0.908053994
1063,data_3561.png,39.50469825,0.903366566
1064,data_3562.png,39.82556843,0.90959692
1065,data_3563.png,40.27759154,0.915411174
1066,data_3564.png,39.77423987,0.909117818
1067,data_3565.png,40.1972902,0.914567888
1068,data_3566.png,39.98980715,0.912333369
1069,data_3567.png,39.63273282,0.905950487
1070,data_3568.png,36.98978487,0.867205262
1071,data_3569.png,39.6455687,0.906263053
1072,data_357.png,39.27954608,0.903257072
1073,data_3570.png,39.90433425,0.912478149
1074,data_3571.png,36.70526286,0.871227682
1075,data_3572.png,38.63860718,0.905426681
1076,data_3573.png,38.54995794,0.901694655
1077,data_3574.png,39.30304175,0.91235733
1078,data_3575.png,38.17017127,0.894139647
1079,data_3576.png,38.3180659,0.895604491
1080,data_3577.png,37.03359861,0.874374986
1081,data_3578.png,38.05874006,0.896647632
1082,data_3579.png,39.4345017,0.912299991
1083,data_358.png,35.87940853,0.819231868
1084,data_3580.png,37.81148887,0.890983999
1085,data_3581.png,39.53414837,0.912555695
1086,data_3582.png,38.16055459,0.892324805
1087,data_3583.png,39.47958523,0.910745263
1088,data_3584.png,38.88134007,0.904113948
1089,data_3585.png,39.43928317,0.914948225
1090,data_3586.png,39.91377606,0.918211699
1091,data_3587.png,38.2447948,0.895034552
1092,data_3588.png,38.08369608,0.895636439
1093,data_3589.png,38.42794933,0.897179782
1094,data_359.png,35.93318253,0.826475322
1095,data_3590.png,37.9568729,0.893185496
1096,data_3591.png,39.07460934,0.903419614
1097,data_3592.png,39.41594113,0.917427063
1098,data_3593.png,40.11002079,0.922041416
1099,data_3594.png,38.97398089,0.908568561
1100,data_3595.png,38.37638922,0.900337577
1101,data_360.png,36.28991654,0.829842269
1102,data_361.png,36.4145029,0.836347759
1103,data_362.png,36.25809146,0.831937194
1104,data_363.png,36.79638306,0.845565319
1105,data_364.png,35.79893769,0.833001614
1106,data_365.png,35.05698762,0.795318007
1107,data_366.png,35.15802721,0.799153686
1108,data_367.png,35.2952124,0.80183208
1109,data_368.png,35.47624978,0.809089601
1110,data_369.png,34.49217825,0.785021722
1111,data_370.png,35.27585536,0.804531336
1112,data_371.png,35.29413466,0.805583596
1113,data_372.png,34.91021344,0.788719535
1114,data_373.png,35.03529122,0.79260844
1115,data_374.png,34.84348575,0.794807136
1116,data_375.png,34.7773914,0.791618347
1117,data_376.png,34.64430707,0.784644485
1118,data_377.png,34.70508361,0.789066315
1119,data_378.png,35.00303056,0.792682052
1120,data_379.png,34.74075344,0.789298534
1121,data_380.png,34.6184465,0.790068507
1122,data_381.png,34.75445987,0.789763629
1123,data_382.png,34.69423416,0.791024685
1124,data_383.png,34.60021873,0.785901308
1125,data_384.png,34.71763105,0.787136555
1126,data_385.png,34.76937291,0.788453579
1127,data_386.png,40.99107842,0.924835563
1128,data_387.png,39.60519365,0.918104529
1129,data_388.png,39.55993448,0.913772047
1130,data_389.png,40.25529389,0.919044256
1131,data_390.png,39.91540803,0.912197292
1132,data_391.png,38.30285417,0.891584098
1133,data_392.png,39.51732232,0.906202257
1134,data_393.png,40.36395686,0.921895444
1135,data_394.png,40.45608876,0.923816681
1136,data_395.png,40.04643414,0.918501377
1137,data_396.png,40.74195281,0.924180686
1138,data_397.png,40.48746279,0.918682218
1139,data_398.png,39.79246677,0.91065383
1140,data_399.png,39.88810175,0.911547184
1141,data_400.png,41.35375898,0.930075169
1142,data_401.png,41.33954343,0.928905487
1143,data_402.png,40.2673574,0.923586845
1144,data_403.png,40.88675367,0.924824893
1145,data_404.png,40.46740191,0.91870141
1146,data_405.png,40.09293588,0.913764
1147,data_4374.png,40.81764295,0.926772594
1148,data_4375.png,40.95979865,0.927808642
1149,data_4376.png,37.86576994,0.877810419
1150,data_4377.png,39.08103514,0.898679137
1151,data_4378.png,39.41353307,0.904720426
1152,data_4379.png,38.99121752,0.900588453
1153,data_4380.png,37.20801142,0.870917022
1154,data_4381.png,35.61567253,0.838767886
1155,data_4382.png,36.97947361,0.865383029
1156,data_4383.png,37.81597898,0.883133531
1157,data_4384.png,39.62371417,0.909427166
1158,data_4385.png,39.97904742,0.914213538
1159,data_4386.png,39.69150031,0.908499599
1160,data_4387.png,38.20214228,0.889751911
1161,data_4388.png,36.88172539,0.858539104
1162,data_4389.png,38.00938676,0.87960428
1163,data_4390.png,39.84526566,0.9108181
1164,data_4391.png,40.00962143,0.914387107
1165,data_4392.png,39.64552728,0.914320171
1166,data_4393.png,38.49386779,0.89790082
1167,data_4394.png,38.5669155,0.8912009
1168,data_4795.png,39.63864622,0.907608032
1169,data_4796.png,40.35258729,0.924803138
1170,data_4797.png,39.82278522,0.919959962
1171,data_4798.png,39.57902057,0.917628884
1172,data_4799.png,39.28054325,0.908836484
1173,data_4800.png,37.90670066,0.886508644
1174,data_4801.png,38.55765422,0.898372352
1175,data_4802.png,40.11924912,0.916808248
1176,data_4803.png,40.86871319,0.932510734
1177,data_4804.png,40.00852865,0.924275041
1178,data_4805.png,40.68554577,0.929534137
1179,data_4806.png,40.12132168,0.919736743
1180,data_4807.png,37.87361042,0.885540903
1181,data_4808.png,37.71423652,0.88105762
1182,data_4809.png,39.11574785,0.905722022
1183,data_4810.png,40.70765545,0.928632677
1184,data_4811.png,40.12950033,0.924298167
1185,data_4812.png,39.75914135,0.92220062
1186,data_4813.png,39.2254488,0.907875419
1187,data_4814.png,38.92614486,0.902828634
1188,data_4815.png,38.46954933,0.894858062
1189,data_4816.png,40.18244701,0.918187797
1190,data_4817.png,40.58942404,0.928780556
1191,data_4818.png,39.46435521,0.908330381
1192,data_4819.png,38.44898781,0.899104297
1193,data_4820.png,38.35827567,0.900404334
1194,data_4821.png,39.38625302,0.906446397
1195,data_4822.png,38.67242712,0.899992824
1196,data_4823.png,38.23303945,0.895467877
1197,data_4824.png,39.57489856,0.913726449
1198,data_4825.png,36.8580334,0.874951839
1199,data_4826.png,38.33363413,0.899157286
1200,data_4827.png,40.03407977,0.91991204
1201,data_4828.png,39.08724343,0.904750705
1202,data_4829.png,39.02524272,0.901554763
1203,data_4830.png,38.26267511,0.893793702
1204,data_4831.png,42.46638968,0.971551597
1205,data_4832.png,40.0318178,0.950255096
1206,data_4833.png,46.68030133,0.985457063
1207,data_4834.png,44.71041009,0.979554594
1208,data_4835.png,41.58274892,0.957452893
1209,data_4836.png,41.55214806,0.959469497
1210,data_4837.png,45.5016589,0.984161258
1211,data_4838.png,47.42699423,0.988651991
1212,data_4839.png,44.0545692,0.982068658
1213,data_4840.png,49.35014185,0.991948128
1214,data_4841.png,46.76143715,0.987856805
1215,data_4842.png,46.19075142,0.986327887
1216,data_4843.png,44.3746148,0.98370564
1217,data_4844.png,47.06817059,0.988355517
1218,data_4845.png,47.16822549,0.988143623
1219,data_4846.png,45.17078316,0.986296177
1220,data_4847.png,46.14024308,0.986964941
1221,data_4848.png,47.35688267,0.988418341
1222,data_4849.png,48.55598364,0.990134418
1223,data_4850.png,43.00912457,0.977280796
1224,data_4851.png,41.73386923,0.970278144
1225,data_4852.png,44.68877699,0.986827135
1226,data_4853.png,38.63131269,0.928722978
1227,data_4854.png,39.34257625,0.943649471
1228,data_4855.png,44.69839498,0.983247221
1229,data_4856.png,44.62349588,0.983585119
1230,data_4857.png,42.76833341,0.979686201
1231,data_4858.png,43.36283172,0.981060624
1232,data_4859.png,46.42731892,0.989050329
1233,data_4860.png,44.47213163,0.9797737
1234,data_4861.png,39.74413951,0.946881294
1235,data_4862.png,40.61944131,0.966175079
1236,data_4863.png,43.37444051,0.981183231
1237,data_4864.png,42.43889323,0.980628669
1238,data_4865.png,44.79620995,0.983990669
1239,data_4866.png,41.35045427,0.930097282
1240,data_4867.png,41.1267879,0.928228974
1241,data_4868.png,41.20031721,0.927928209
1242,data_4869.png,41.32827902,0.92947948
1243,data_4870.png,40.76722593,0.923515737
1244,data_4871.png,40.50403095,0.920774877
1245,data_4872.png,40.69520896,0.923601866
1246,data_4873.png,41.29899886,0.928875387
1247,data_4874.png,40.88572034,0.926963568
1248,data_4875.png,41.35802703,0.929549098
1249,data_4876.png,40.36828706,0.920739651
1250,data_4877.png,40.03756261,0.915412664
1251,data_4931.png,39.0107589,0.927749991
1252,data_4932.png,39.58934698,0.926472068
1253,data_4933.png,38.49416444,0.918168902
1254,data_4934.png,39.60811191,0.922593594
1255,data_4935.png,38.60808578,0.904387653
1256,data_4936.png,40.85457335,0.932249725
1257,data_4937.png,39.34184245,0.91507405
1258,data_4938.png,39.52288697,0.918503761
1259,data_4939.png,39.1385952,0.90981102
1260,data_4940.png,40.74237573,0.925490081
1261,data_4941.png,40.47721842,0.927604556
1262,data_4942.png,40.30411893,0.923699141
1263,data_4943.png,37.60442916,0.872307956
1264,data_4944.png,37.46761453,0.88107729
1265,data_4945.png,38.99928788,0.904505432
1266,data_4946.png,40.31474385,0.92064929
1267,data_4947.png,40.2956607,0.924647331
1268,data_4948.png,40.49168527,0.928448677
1269,data_4949.png,40.27931312,0.924373984
1270,data_4950.png,38.23187474,0.896163821
1271,data_4951.png,36.86291386,0.856029153
1272,data_4952.png,37.0015447,0.863414049
1273,data_4953.png,38.46057239,0.89655149
1274,data_4954.png,39.35604674,0.91082114
1275,data_4955.png,37.55110179,0.891959548
1276,data_4956.png,39.22600587,0.915045142
1277,data_4957.png,37.07603397,0.869409204
1278,data_4958.png,37.2364524,0.869958401
1279,data_4959.png,37.81459865,0.886094689
1280,data_4960.png,38.42198244,0.898988128
1281,data_4961.png,40.2259883,0.92156291
1282,data_4962.png,39.20706094,0.913746536
1283,data_4963.png,39.90143319,0.912566185
1284,data_4964.png,40.67511611,0.92749542
1285,data_4965.png,40.50730388,0.924758911
1286,data_4966.png,41.24659833,0.929257095
1287,data_4967.png,38.71246888,0.907671332
1288,data_4968.png,40.11771429,0.921776772
1289,data_4969.png,39.45519697,0.909870267
1290,data_4970.png,37.09165949,0.871516824
1291,data_5230.png,40.76564466,0.929656029
1292,data_5231.png,41.69565149,0.936326981
1293,data_5232.png,42.07502117,0.938484848
1294,data_5233.png,41.77221526,0.935231864
1295,data_5234.png,40.62846361,0.925827265
1296,data_5235.png,40.03910543,0.917561173
1297,data_5236.png,40.96022263,0.929451704
1298,data_5237.png,41.34302238,0.933602333
1299,data_5238.png,41.69591124,0.934369087
1300,data_5239.png,41.78491274,0.93499589
1301,data_5240.png,41.04012489,0.929528654
1302,data_5241.png,40.43888093,0.921841264
1303,data_5242.png,39.76061735,0.915633202
1304,data_5243.png,41.06545455,0.931630015
1305,data_5244.png,41.05405025,0.925204277
1306,data_5245.png,41.0876105,0.927370429
1307,data_5246.png,39.81615081,0.914666653
1308,data_5247.png,39.6290015,0.915691733
1309,data_5248.png,40.65369137,0.92241019
1310,data_5249.png,41.0528686,0.927534103
1311,data_5250.png,41.39019864,0.933147132
1312,data_5287.png,40.33752949,0.92006886
1313,data_5288.png,38.8077835,0.904253006
1314,data_5289.png,38.82518007,0.897384167
1315,data_5290.png,39.03351694,0.904494643
1316,data_5291.png,39.44300264,0.919099212
1317,data_5292.png,40.33333896,0.924090028
1318,data_5293.png,40.0122972,0.920474291
1319,data_5294.png,39.72520267,0.918992996
1320,data_5295.png,39.28593011,0.91121757
1321,data_5296.png,38.29482744,0.890520573
1322,data_5297.png,39.56803295,0.913883388
1323,data_5298.png,39.10615313,0.911930203
1324,data_5299.png,40.33564044,0.924099684
1325,data_5300.png,41.64398257,0.940740049
1326,data_5301.png,41.77190109,0.940760314
1327,data_5302.png,39.40065287,0.913743615
1328,data_5303.png,39.83176218,0.912877262
1329,data_5304.png,39.81469887,0.916217804
1330,data_5305.png,40.62634491,0.929266632
1331,data_5306.png,39.86936059,0.921860695
1332,data_5307.png,40.67488992,0.928646684
1333,data_5308.png,40.43276909,0.93078059
1334,data_5309.png,39.96913327,0.915226102
1335,data_5310.png,39.54527751,0.91548419
1336,data_5311.png,39.69531755,0.913906813
1337,data_5312.png,40.8927044,0.930262744
1338,data_5313.png,40.29214336,0.923629165
1339,data_5314.png,39.6783754,0.922147155
1340,data_5315.png,40.74907323,0.93553257
1341,data_5316.png,41.40262926,0.933957219
1342,data_5317.png,40.96601656,0.930771708
1343,data_5318.png,39.7210756,0.917633533
1344,data_5319.png,41.17249474,0.932772815
1345,data_5320.png,40.40774965,0.924061298
1346,data_5321.png,40.01571344,0.923983276
1347,data_5322.png,38.60092184,0.904529274
1348,data_5323.png,37.67250865,0.890415847
1349,data_5324.png,38.92036419,0.908306003
1350,data_5325.png,38.44592594,0.9022035
1351,data_5326.png,39.07946267,0.908628941
1352,data_5327.png,38.51261903,0.902228236
1353,data_5328.png,38.89979758,0.911536098
1354,data_5329.png,38.42506672,0.895889938
1355,data_5330.png,38.45252451,0.893358231
1356,data_5331.png,37.98577346,0.896294475
1357,data_5332.png,38.10072132,0.901213586
1358,data_5333.png,39.38047175,0.915551841
1359,data_5334.png,38.335466,0.895689428
1360,data_5335.png,37.16837031,0.874348819
1361,data_5336.png,36.69750951,0.877762675
1362,data_5337.png,36.85075979,0.871577919
1363,data_5338.png,37.52573846,0.885176539
1364,data_5339.png,37.89811986,0.890054345
1365,data_5340.png,40.09478574,0.918976903
1366,data_5341.png,38.85410421,0.910225749
1367,data_5342.png,35.70533534,0.877142787
1368,data_5343.png,37.46006084,0.877534389
1369,data_5344.png,38.12163624,0.893458962
1370,data_5345.png,37.97624071,0.897387505
1371,data_5346.png,37.47465483,0.891882598
1372,data_5347.png,39.59206114,0.917104125
1373,data_5348.png,40.07652071,0.919183373
1374,data_5349.png,37.57903003,0.884550571
1375,data_5350.png,38.37229178,0.898764312
1376,data_5351.png,39.37430171,0.916394591
1377,data_5352.png,40.64326055,0.926271915
1378,data_5353.png,39.00134283,0.915288448
1379,data_5354.png,40.16965965,0.926602125
1380,data_5355.png,39.82153039,0.919853866
1381,data_5356.png,40.1480662,0.926067531
1382,data_5357.png,39.87271291,0.92781496
1383,data_5358.png,40.94884436,0.931932926
1384,data_5359.png,40.70449803,0.92780447
1385,data_5360.png,39.28957292,0.913584411
1386,data_5361.png,40.41027947,0.919612169
1387,data_5362.png,38.28964851,0.897606552
1388,data_5363.png,38.63406658,0.909923255
1389,data_5364.png,40.98843369,0.93031919
1390,data_5365.png,40.65624093,0.925409198
1391,data_5366.png,39.14159266,0.904032648
1392,data_5367.png,38.08648752,0.883042514
1393,data_5368.png,39.6447044,0.910309792
1394,data_5369.png,40.19778218,0.919025898
1395,data_5370.png,41.30869959,0.932813346
1396,data_5959.png,40.70804136,0.923313141
1397,data_5960.png,41.10123031,0.928476334
1398,data_5961.png,40.89026165,0.925255299
1399,data_5962.png,40.45849404,0.922640324
1400,data_5963.png,39.82117287,0.915510535
1401,data_5964.png,40.68631824,0.923756242
1402,data_5965.png,40.25949564,0.920882106
1403,data_5966.png,38.25677408,0.894812763
1404,data_5967.png,39.90403291,0.914806545
1405,data_5968.png,41.12967508,0.926405132
1406,data_5969.png,40.05920408,0.91736716
1407,data_5970.png,40.2689467,0.918815613
1408,data_5971.png,39.87732321,0.917296588
1409,data_5972.png,40.27964081,0.919759035
1410,data_5973.png,40.67568353,0.920394123
1411,data_5974.png,40.83790552,0.923821926
1412,data_5975.png,41.054864,0.924561381
1413,data_5976.png,40.09756882,0.915739536
1414,data_5977.png,40.16091434,0.916320324
1415,data_5978.png,39.95604606,0.915611207
1416,data_60.png,42.51221936,0.944529235
1417,data_61.png,40.8099479,0.935911894
1418,data_62.png,39.97087182,0.920592666
1419,data_6278.png,39.75896965,0.913984179
1420,data_6279.png,40.83849752,0.92260474
1421,data_6280.png,40.90067004,0.927239597
1422,data_6281.png,41.42999086,0.930754364
1423,data_6282.png,41.14008629,0.928705871
1424,data_6283.png,40.84790796,0.924678326
1425,data_6284.png,40.07843298,0.916501403
1426,data_6285.png,39.71155711,0.912221134
1427,data_6286.png,41.13617966,0.926623821
1428,data_6287.png,41.74411769,0.933513165
1429,data_6288.png,41.50642348,0.931675434
1430,data_6289.png,41.62520418,0.932191312
1431,data_6290.png,40.59184914,0.921858668
1432,data_6291.png,40.19795967,0.915622592
1433,data_6292.png,40.2398233,0.919348121
1434,data_6293.png,40.65657092,0.920622706
1435,data_6294.png,40.35519321,0.92200768
1436,data_6295.png,41.04397244,0.926336765
1437,data_6296.png,40.7327289,0.925608814
1438,data_6297.png,40.31585018,0.919481695
1439,data_6298.png,41.16406307,0.926691234
1440,data_6299.png,40.60756659,0.922834873
1441,data_63.png,40.38008003,0.92879951
1442,data_6300.png,40.70776679,0.92151612
1443,data_6301.png,40.42292882,0.922275901
1444,data_6302.png,38.32200914,0.901031852
1445,data_6303.png,38.76078966,0.904205501
1446,data_6304.png,40.05224598,0.91474843
1447,data_6305.png,39.59002241,0.912385225
1448,data_6306.png,39.01399942,0.903755665
1449,data_6307.png,38.55244932,0.894210935
1450,data_64.png,40.92463598,0.937840581
1451,data_65.png,41.74200769,0.941255033
1452,data_7204.png,38.58940654,0.899788141
1453,data_7205.png,39.71770459,0.910734832
1454,data_7206.png,39.58352474,0.911824942
1455,data_7207.png,40.3573433,0.918720961
1456,data_7208.png,39.26067237,0.906935155
1457,data_7209.png,39.20733634,0.907653809
1458,data_7210.png,39.53086671,0.90957427
1459,data_7211.png,41.21244159,0.943588436
1460,data_7212.png,40.65136629,0.937278271
1461,data_7213.png,42.24807526,0.948618412
1462,data_7214.png,41.4712544,0.940400481
1463,data_7215.png,39.9984114,0.927336693
1464,data_7216.png,41.50410685,0.939371049
1465,data_7217.png,40.09874431,0.934404075
1466,data_7218.png,37.82755381,0.891733825
1467,data_7219.png,39.76139079,0.924840629
1468,data_7220.png,41.3180531,0.937886596
1469,data_7221.png,40.27559106,0.934192359
1470,data_7222.png,40.59939265,0.934038579
1471,data_7223.png,39.98637556,0.929203749
1472,data_7224.png,40.97064398,0.933676124
1473,data_7225.png,39.18422109,0.907059371
1474,data_7226.png,41.51211519,0.937476099
1475,data_7227.png,41.42258484,0.942320049
1476,data_7228.png,41.25605687,0.943620861
1477,data_7229.png,40.04773556,0.929784656
1478,data_7230.png,40.77520773,0.933720708
1479,data_7231.png,39.45672132,0.922627568
1480,data_7232.png,39.28580963,0.925059199
1481,data_7233.png,41.72105222,0.94258666
1482,data_7234.png,41.29829501,0.941615343
1483,data_7235.png,41.90536539,0.947728634
1484,data_7236.png,39.71757334,0.921094775
1485,data_7237.png,40.12005533,0.92835778
1486,data_7238.png,39.92202391,0.926537514
1487,data_7239.png,40.05420834,0.924754322
1488,data_7240.png,41.25338409,0.936934948
1489,data_7241.png,40.97641691,0.937041223
1490,data_7242.png,40.78692956,0.938237846
1491,data_7243.png,38.33257206,0.909166992
1492,data_7251.png,42.13515812,0.940920353
1493,data_7252.png,42.62619869,0.94455564
1494,data_7253.png,42.2565379,0.941808224
1495,data_7254.png,41.5523139,0.936975181
1496,data_7255.png,40.8824323,0.928013682
1497,data_7256.png,41.49210901,0.932309985
1498,data_7257.png,40.69688688,0.925432384
1499,data_7258.png,41.12518566,0.935348272
1500,data_7259.png,40.85169774,0.933143973
1501,data_7260.png,40.85335044,0.928357959
1502,data_7261.png,41.75628132,0.937746167
1503,data_7262.png,41.46455542,0.934431672
1504,data_7263.png,39.94040594,0.919605434
1505,data_7264.png,40.02625383,0.921994209
1506,data_7265.png,41.11521337,0.93118453
1507,data_7266.png,40.91581508,0.931200624
1508,data_7267.png,40.33085784,0.925279558
1509,data_7268.png,41.42181789,0.934962153
1510,data_7269.png,40.91695151,0.932412148
1511,data_7441.png,38.25612017,0.913559616
1512,data_7442.png,38.47561152,0.923256874
1513,data_7443.png,38.50105615,0.924690723
1514,data_7444.png,39.05547926,0.927310705
1515,data_7445.png,38.47290657,0.922474563
1516,data_7446.png,37.44484939,0.910729647
1517,data_7447.png,37.39123817,0.89928472
1518,data_7448.png,37.44708112,0.910582483
1519,data_7449.png,37.78241966,0.916339099
1520,data_7450.png,38.95014804,0.924434841
1521,data_7451.png,39.24396104,0.923129439
1522,data_7452.png,36.69676776,0.899583995
1523,data_7453.png,37.43594618,0.899749219
1524,data_7454.png,37.08414011,0.901522338
1525,data_7455.png,38.20861161,0.924512565
1526,data_7456.png,38.87669625,0.93569845
1527,data_7457.png,39.35667928,0.939997673
1528,data_7458.png,40.28277688,0.95379442
1529,data_7459.png,39.16239627,0.942453742
1530,data_7460.png,38.98039978,0.938326299
1531,data_7461.png,38.41270666,0.933911681
1532,data_7462.png,36.79673601,0.917244315
1533,data_7463.png,39.56567685,0.950033545
1534,data_7464.png,38.85105156,0.936963081
1535,data_7465.png,39.57102731,0.95360899
1536,data_7466.png,41.65798946,0.953066707
1537,data_7467.png,39.80578367,0.949516296
1538,data_7468.png,38.39261486,0.934057236
1539,data_7469.png,40.60414328,0.950687885
1540,data_7470.png,37.44573153,0.916707277
1541,data_7471.png,37.48858483,0.918708682
1542,data_7472.png,39.01815693,0.947200239
1543,data_7473.png,39.82538123,0.94970119
1544,data_7474.png,40.73449625,0.954513192
1545,data_7475.png,38.62896734,0.940504432
1546,data_7476.png,39.19743495,0.943606734
1547,data_7477.png,38.22291113,0.920725942
1548,data_7478.png,37.91861084,0.920404613
1549,data_7479.png,38.95375896,0.941287935
1550,data_7480.png,38.35014215,0.92069
1551,data_7481.png,37.60376498,0.921636462
1552,data_7482.png,39.52161106,0.940520227
1553,data_7483.png,38.99367306,0.933066785
1554,data_7484.png,38.83744033,0.930864036
1555,data_7485.png,39.00321087,0.930572927
1556,data_7486.png,37.96794364,0.935887754
1557,data_7487.png,38.68644151,0.938619554
1558,data_7488.png,41.10566827,0.948081017
1559,data_7489.png,39.57375715,0.938243866
1560,data_7490.png,38.9072088,0.935234725
1561,data_7491.png,38.68131696,0.933225393
1562,data_7492.png,40.73329027,0.941736639
1563,data_7493.png,39.69672354,0.933412194
1564,data_7494.png,39.01602853,0.913752437
1565,data_7495.png,38.69796973,0.91311568
1566,data_7496.png,39.3061503,0.927668273
1567,data_7497.png,37.3800198,0.902210474
1568,data_7498.png,38.15748788,0.924001873
1569,data_7499.png,40.25283539,0.934361458
1570,data_7500.png,39.37576951,0.933201969
1571,data_7501.png,40.28011997,0.929774046
1572,data_7502.png,39.03350872,0.927148461
1573,data_7503.png,40.45672447,0.938971758
1574,data_7504.png,38.77719864,0.930104613
1575,data_7505.png,35.919017,0.864615917
1576,data_7506.png,37.66181664,0.893318057
1577,data_7507.png,39.28726866,0.925688267
1578,data_7508.png,39.00941892,0.925607562
1579,data_7509.png,39.98704262,0.936195493
1580,data_7510.png,40.90175358,0.946030319
1581,data_7511.png,41.48922461,0.948066115
1582,data_7512.png,37.69441912,0.887677073
1583,data_7513.png,37.76662246,0.901127756
1584,data_7514.png,39.70601725,0.928034306
1585,data_7515.png,38.28474763,0.919800043
1586,data_7516.png,40.38398153,0.932425857
1587,data_7517.png,39.3999147,0.933091283
1588,data_7518.png,40.39574789,0.935059726
1589,data_7519.png,38.37747699,0.918197513
1590,data_7520.png,39.91931568,0.936318576
1591,data_7521.png,41.59523399,0.946547389
1592,data_7522.png,41.3431827,0.94379735
1593,data_7523.png,39.66829127,0.931349397
1594,data_7524.png,39.89303308,0.935999274
1595,data_7533.png,38.52072246,0.909277558
1596,data_7534.png,39.35450385,0.922562778
1597,data_7535.png,38.96146608,0.920399547
1598,data_7536.png,39.11895541,0.923061848
1599,data_7537.png,40.27077093,0.931939125
1600,data_7538.png,40.06495876,0.926259756
1601,data_7539.png,38.22252671,0.912910163
1602,data_7540.png,37.36002869,0.898559451
1603,data_7541.png,38.07915046,0.902779341
1604,data_7542.png,38.30847133,0.910184741
1605,data_7543.png,38.79294082,0.915528536
1606,data_7544.png,37.28156583,0.893061817
1607,data_7545.png,37.11809041,0.882597566
1608,data_7546.png,38.90040513,0.914593875
1609,data_7547.png,38.623281,0.91127336
1610,data_7548.png,38.14758316,0.910784364
1611,data_7549.png,37.956398,0.900228262
1612,data_7550.png,37.21006224,0.88963604
1613,data_7551.png,35.23617118,0.855180502
1614,data_7552.png,35.62192198,0.863608837
1615,data_7553.png,37.49951075,0.892704368
1616,data_7895.png,36.77726865,0.855531335
1617,data_7896.png,38.12056189,0.889432907
1618,data_7897.png,39.08846466,0.904653728
1619,data_7898.png,39.68957152,0.912604272
1620,data_7899.png,39.98514755,0.917738914
1621,data_7900.png,40.68119956,0.923837781
1622,data_7901.png,39.64419899,0.907721937
1623,data_7902.png,38.47257953,0.888664126
1624,data_7903.png,37.62529548,0.871039271
1625,data_7904.png,40.92567724,0.926040351
1626,data_7905.png,40.96425844,0.929229498
1627,data_7906.png,41.45573817,0.933160961
1628,data_7907.png,41.86083485,0.937425137
1629,data_7908.png,40.47733127,0.922909141
1630,data_7909.png,40.54529158,0.921945572
1631,data_7910.png,39.59196796,0.910753727
1632,data_7911.png,40.91397157,0.93183887
1633,data_7912.png,42.13892814,0.93934691
1634,data_7913.png,42.40597994,0.943355322
1635,data_7914.png,41.36281587,0.937379241
1636,data_7915.png,41.68846275,0.936044574
1637,data_7916.png,41.76535279,0.935809612
1638,data_7917.png,41.65865531,0.934458137
1639,data_7918.png,40.50861312,0.92766875
1640,data_7919.png,41.30789564,0.935587585
1641,data_7920.png,41.87234073,0.941480517
1642,data_7921.png,41.65568018,0.937615573
1643,data_7922.png,41.03975704,0.929926276
1644,data_7923.png,40.98710227,0.927565098
1645,data_7924.png,39.44569125,0.912526309
1646,data_7925.png,42.31833968,0.941450298
1647,data_7926.png,42.39538678,0.943498969
1648,data_7927.png,42.09105681,0.940294445
1649,data_7928.png,41.36609168,0.934220493
1650,data_7929.png,41.55560879,0.932320356
1651,data_7930.png,40.85541769,0.924576163
1652,data_7931.png,38.85930614,0.896927118
1653,data_7932.png,41.76064341,0.939678311
1654,data_7933.png,42.3151409,0.943871021
1655,data_7934.png,41.82864534,0.940176666
1656,data_80.png,40.21452373,0.915020406
1657,data_81.png,40.1022196,0.914848208
1658,data_82.png,40.29251608,0.916596353
1659,data_8201.png,41.24767975,0.9282341
1660,data_8202.png,39.91229062,0.912544668
1661,data_8203.png,39.59639217,0.910183072
1662,data_8204.png,39.02716658,0.901150346
1663,data_8205.png,41.04258522,0.925533235
1664,data_8206.png,41.05151917,0.928224087
1665,data_8207.png,41.1926198,0.928469658
1666,data_8208.png,41.13800173,0.929292083
1667,data_8209.png,40.22893401,0.913793921
1668,data_8210.png,40.04773808,0.914176345
1669,data_8211.png,40.11004188,0.912904441
1670,data_8212.png,40.53674611,0.921918392
1671,data_8213.png,41.23712968,0.927506626
1672,data_8214.png,40.71320806,0.924839675
1673,data_8215.png,40.53001308,0.922236383
1674,data_8216.png,40.17254435,0.914713264
1675,data_8217.png,39.84228176,0.909626365
1676,data_8218.png,39.79860748,0.911724567
1677,data_8219.png,40.43422878,0.920724809
1678,data_8220.png,40.59074615,0.921555936
1679,data_8221.png,39.74630186,0.912243724
1680,data_8222.png,40.692424,0.922685981
1681,data_83.png,40.2713706,0.917355061
1682,data_84.png,40.10523098,0.915572524
1683,data_85.png,40.84500803,0.926703811
1684,data_86.png,40.1853277,0.915784299
1685,data_87.png,39.9778574,0.914909363
1686,data_88.png,40.41378188,0.919275165
1687,data_89.png,40.03188559,0.918430507
1688,data_8997.png,42.10173204,0.944995999
1689,data_8998.png,42.65070375,0.948283553
1690,data_8999.png,42.7291273,0.947677314
1691,data_90.png,40.56920216,0.92228812
1692,data_9000.png,41.48341359,0.936224639
1693,data_9001.png,41.51092455,0.936820388
1694,data_9002.png,41.98049855,0.939758778
1695,data_9003.png,41.25227135,0.936977386
1696,data_9004.png,42.46533538,0.944284618
1697,data_9005.png,42.08809467,0.943869948
1698,data_9006.png,42.92316915,0.948296428
1699,data_9007.png,42.11868724,0.93920964
1700,data_9008.png,41.86401929,0.936438501
1701,data_9009.png,42.02705376,0.940528095
1702,data_9010.png,41.70532664,0.942393959
1703,data_9011.png,42.12324861,0.942598462
1704,data_9012.png,42.18346689,0.944713593
1705,data_9013.png,41.75414182,0.941231489
1706,data_9014.png,41.66547792,0.936845303
1707,data_9015.png,41.87671283,0.938425422
1708,data_9016.png,41.47575823,0.9367854
1709,data_9017.png,42.02872804,0.945470333
1710,data_9018.png,42.14515137,0.943691611
1711,data_9019.png,41.78242269,0.942037284
1712,data_9020.png,41.60140546,0.940019131
1713,data_9021.png,41.62296116,0.936373353
1714,data_9022.png,42.02334368,0.938068748
1715,data_9023.png,41.48736526,0.935089588
1716,data_9024.png,42.51798523,0.945194602
1717,data_9025.png,41.90175103,0.9402982
1718,data_9026.png,42.228022,0.944024742
1719,data_9027.png,42.38622371,0.944687128
1720,data_9028.png,42.08124309,0.939010322
1721,data_9029.png,41.44121156,0.936496496
1722,data_9030.png,42.33341417,0.941743135
1723,data_9031.png,41.51729736,0.936293781
1724,data_9032.png,41.50412935,0.933818519
1725,data_9033.png,41.31481917,0.934383392
1726,data_9034.png,41.11238911,0.929632783
1727,data_9035.png,40.36290836,0.919513643
1728,data_9036.png,40.86596298,0.924184978
1729,data_91.png,41.08675498,0.925972581
1730,data_92.png,41.00474172,0.927166462
1731,data_9233.png,41.10747229,0.931531608
1732,data_9234.png,41.44281454,0.932909489
1733,data_9235.png,41.71292925,0.936582267
1734,data_9236.png,40.99660952,0.934195459
1735,data_9237.png,41.62397703,0.935970008
1736,data_9238.png,40.91326983,0.929016292
1737,data_9239.png,41.31521865,0.932560444
1738,data_9240.png,40.72408849,0.927898407
1739,data_9241.png,39.84682956,0.912342548
1740,data_9242.png,39.05768773,0.906902194
1741,data_9243.png,39.85401518,0.910984874
1742,data_9244.png,39.92925786,0.91357708
1743,data_9245.png,39.17326082,0.906643152
1744,data_93.png,40.88773214,0.926093996
1745,data_94.png,40.89665472,0.925272644
1746,data_95.png,40.51169374,0.920820713
1747,data_96.png,40.50479523,0.922086895
1748,data_97.png,40.83743865,0.92553246
1749,data_98.png,41.13193587,0.928376913
1750,data_99.png,41.63901025,0.932969749
